0,0
0,0
0,0
0,0
0,0
0,0
0,0
0,0
0,0
0,0
0,0
0,0
354.5,70.8999
351.471,127.014
348.974,171.406
346.066,206.338
340.964,233.263
332.109,253.032
323.272,267.08
316.678,277
312.258,284.051
311.299,289.501
312.473,286.482
313.019,284.242
313.986,282.697
317.335,282.193
-3.19761,217.793
0.861298,167.274
3.5441,127.586
4.74732,96.2177
6.49627,71.5677
8.61467,52.292
10.0407,37.1314
10.8588,25.1549
11.4401,15.6691
11.326,7.98577
9.24144,8.30557
7.54605,8.13517
4.85562,7.40315
3.10776,6.44213
1.51773,5.31774
0.731301,4.21545
-1.48082,2.86058
-2.54938,1.54539
-4.31917,0.126809
-6.74296,-1.49037
-8.39621,-3.07
-9.49664,-4.51737
-9.82508,-5.68319
-8.70123,-6.35354
-6.91515,-6.49845
-5.73405,-6.36128
-4.41209,-5.93964
-1.68865,-5.03469
0.870557,-3.76089
3.3643,-2.19105
9.57995,0.343459
14.346,3.3479
16.4882,6.18695
16.364,8.40921
17.0586,10.2876
17.4734,11.8479
16.5589,12.8848
15.7853,13.5012
13.3648,13.4552
10.6682,12.8256
8.40303,11.7353
7.65556,10.6113
7.78318,9.69159
6.51923,8.7057
4.96623,7.59148
4.07982,6.51391
4.10905,5.67734
3.78031,4.95895
3.66837,4.41382
3.83986,4.06993
4.06918,3.88933
4.17874,3.78281
3.87807,3.63472
4.20157,3.60809
4.18444,3.61671
4.05921,3.6176
2.93123,3.39208
1.91851,3.01619
0.71299,2.47677
-0.1206,1.87484
-0.71568,1.26935
-1.47287,0.631166
-1.67293,0.0870669
-2.40158,-0.500891
-4.20337,-1.33125
-6.2084,-2.39385
-8.5386,-3.68575
-9.68614,-4.92703
-9.36146,-5.82922
-9.37246,-6.53528
-8.17024,-6.8469
-6.80504,-6.8069
-6.60312,-6.73022
-6.55173,-6.64295
-5.56471,-6.33703
-5.65658,-6.06762
-5.3504,-5.74081
-4.98176,-5.38099
-4.60192,-5.02414
-3.2811,-4.47426
-2.60607,-3.92517
-2.09187,-3.41237
-4.10467,-3.40903
-7.17955,-4.02244
-8.7386,-4.84617
-8.70126,-5.49571
-7.74745,-5.83116
-7.84021,-6.12599
-7.01985,-6.20593
-7.4419,-6.38267
-8.30516,-6.7112
-8.76557,-7.07715
-12.5421,-8.08199
-19.1009,-10.1316
-21.4077,-12.1991
-22.3586,-14.0442
-23.2364,-15.7163
-22.7389,-16.9524
-21.7929,-17.7698
-21.2351,-18.303
-19.0754,-18.2791
-16.6007,-17.7552
-14.2621,-16.7872
-10.8067,-15.181
-7.48036,-13.1811
-2.39742,-10.5442
1.88979,-7.55843
2.48283,-5.06186
3.10074,-2.96134
3.00337,-1.31238
1.96931,-0.246399
2.01489,0.562355
3.20893,1.39795
3.16959,1.98435
2.97868,2.34385
2.19378,2.36532
1.66961,2.1856
1.56012,2.00718
0.832998,1.70576
-0.19631,1.26085
-0.966653,0.773057
-1.35973,0.303231
-1.34232,-0.09479
-0.145504,-0.172999
2.47816,0.293266
2.56072,0.699646
2.6743,1.05872
3.66997,1.54747
4.08739,2.03756
4.63919,2.5621
5.3836,3.14716
6.15404,3.77774
6.31777,4.31457
6.62286,4.77935
6.60156,5.09058
6.40878,5.29923
5.84118,5.35019
6.2683,5.455
7.02485,5.68119
8.15168,6.07566
9.93875,6.73267
11.8385,7.62167
12.362,8.43407
12.8616,9.17736
12.869,9.77392
13.1274,10.307
12.9586,10.7119
13.8993,11.2147
14.6694,11.7548
15.5205,12.3329
15.6797,12.7888
15.108,12.9984
13.9366,12.9206
12.9363,12.6475
12.3005,12.3018
11.3214,11.8238
8.06045,10.7928
5.86004,9.50779
4.07327,8.10586
2.43353,6.6381
1.49392,5.27254
0.568833,4.00736
-1.98034,2.51053
-3.92734,0.945154
-4.94731,-0.497489
-5.7539,-1.7919
-5.88746,-2.78411
-6.66053,-3.68524
-6.64539,-4.36474
-6.35787,-4.81563
-5.81288,-5.04716
-4.85368,-5.02068
-3.82969,-4.73995
-3.1341,-4.33444
-1.79673,-3.72066
-0.678326,-2.98863
0.150701,-2.23433
0.191027,-1.60622
0.152913,-1.11169
-0.532261,-0.859268
-0.732297,-0.709043
-0.864654,-0.635933
-1.77738,-0.78198
-3.13943,-1.18617
-3.81109,-1.67257
-3.88764,-2.10101
-4.31926,-2.5479
-4.57641,-2.9577
-4.66403,-3.30225
-4.62477,-3.55533
-3.52216,-3.53297
-2.62713,-3.33323
-1.55615,-2.93964
-1.02281,-2.48886
-1.01557,-2.11236
-1.26658,-1.85972
-0.536602,-1.50234
-0.222226,-1.14804
0.0549227,-0.807286
1.27209,-0.292095
1.94606,0.231174
2.8284,0.807037
3.92023,1.46309
4.48871,2.09018
4.65096,2.62415
4.2122,2.96896
4.48394,3.28348
5.29294,3.69014
5.86618,4.12417
5.89772,4.45156
6.03615,4.72669
6.05583,4.93178
5.51321,4.96388
5.10716,4.89614
4.75567,4.76817
4.22155,4.56839
3.85438,4.32929
3.38918,4.0276
3.02183,3.70047
2.78917,3.39156
2.54727,3.09308
2.73146,2.89071
2.69813,2.73379
2.86693,2.65075
2.65902,2.55027
2.55793,2.46115
2.56417,2.39898
2.52938,2.35228
2.52277,2.32148
2.25697,2.24868
1.85863,2.11597
0.977907,1.8297
0.446712,1.49516
0.10172,1.15491
-0.287698,0.809283
-0.496671,0.493161
-0.617543,0.215955
-0.809139,-0.043382
-0.474997,-0.183881
-0.174061,-0.230385
0.0760829,-0.209005
0.384521,-0.111301
0.727198,0.0468062
1.27558,0.290377
1.91384,0.621249
2.63536,1.03474
4.34873,1.7108
5.59298,2.50461
6.56173,3.32623
6.92017,4.04876
7.28551,4.69448
7.30782,5.20889
7.51673,5.65484
7.42644,5.98177
6.9961,6.14354
6.79398,6.21703
6.58391,6.19702
6.91604,6.22071
6.83973,6.20361
7.13473,6.24122
7.78895,6.39431
7.84661,6.52784
7.62596,6.58604
7.43863,6.59708
7.57026,6.64147
8.46645,6.86057
8.89969,7.127
8.98597,7.35028
9.29868,7.59307
9.31445,7.78413
10.3748,8.135
11.7939,8.69828
14.0864,9.61215
14.2503,10.38
13.9295,10.9274
13.4624,11.2526
12.2921,11.2694
11.2872,11.08
9.81246,10.6268
8.51616,10.0046
7.85905,9.35271
6.89093,8.60708
6.20458,7.82408
5.23188,6.99961
5.28758,6.35807
4.95206,5.78777
5.307,5.42764
5.723,5.24432
6.03706,5.19215
5.93212,5.15726
5.62074,5.08118
5.1927,4.95551
4.69487,4.77014
4.2438,4.55252
3.78183,4.28483
3.73474,4.06847
3.42151,3.82511
2.8298,3.50315
2.51524,3.17592
0.895151,2.59238
-0.186,1.916
-1.10123,1.20104
-1.2365,0.612709
-1.65568,0.0678965
-2.0587,-0.438637
-2.18332,-0.867777
-2.58876,-1.28545
-3.02241,-1.69361
-3.43655,-2.09621
-7.36852,-3.1699
-9.04389,-4.3407
-9.43444,-5.3358
-9.47683,-6.13745
-9.53768,-6.78194
-9.56116,-7.29358
-10.9014,-7.96826
-10.8464,-8.4883
-10.2528,-8.77629
-9.74473,-8.89618
-8.60184,-8.67908
-7.61253,-8.27155
-6.76811,-7.76826
-5.00061,-7.01122
-3.88504,-6.18116
-2.9489,-5.32938
-2.19962,-4.46932
-1.37641,-3.61782
-0.189236,-2.71192
1.51366,-1.65754
2.79499,-0.58231
4.05363,0.508356
4.64368,1.48077
5.06111,2.30422
5.529,3.03261
5.50776,3.59096
5.09607,3.93922
4.39423,4.05978
3.89629,4.03115
3.50776,3.89397
3.18099,3.69135
3.07085,3.4802
2.7496,3.23436
2.29412,2.93762
1.60777,2.55292
1.4678,2.21762
1.31222,1.9271
1.55785,1.75888
1.87038,1.69751
2.12532,1.70774
2.21118,1.74012
2.77923,1.88199
3.05511,2.05757
3.18386,2.23356
3.3662,2.42556
3.54598,2.61812
3.84527,2.83537
4.11262,3.05737
4.46477,3.29868
5.14631,3.62257
5.34387,3.91934
5.42462,4.16072
5.56182,4.37533
5.70171,4.57223
5.83034,4.75156
5.78402,4.88191
6.03772,5.03049
6.36634,5.20934
6.79034,5.42966
7.71232,5.77568
8.99249,6.30428
9.12014,6.75096
9.2042,7.12217
9.70641,7.51657
9.79867,7.84779
10.3746,8.22894
10.8983,8.63316
11.5604,9.0819
12.2099,9.56168
12.635,10.0107
13.4654,10.5085
14.8088,11.1728
16.2858,11.9977
18.261,13.0419
18.6381,13.9507
19.6081,14.8594
22.9448,16.2424
28.6945,18.4846
33.3807,21.2016
34.6223,23.6144
34.1603,25.4344
34.3348,26.8965
32.9735,27.7622
31.9503,28.2076
27.1268,27.5912
20.8091,25.8137
17.5675,23.6717
14.9799,21.3171
12.172,18.7713
8.15721,15.905
4.98518,12.9874
2.47758,10.1481
0.803701,7.57113
-1.06986,5.1568
-3.10954,2.92099
-4.13232,1.06346
-5.26335,-0.579163
-5.45485,-1.87599
-5.24871,-2.81193
-4.73496,-3.37171
-2.16148,-3.23672
0.276395,-2.5873
2.47417,-1.59227
5.47211,-0.156416
8.64042,1.66973
10.0656,3.43765
10.871,5.03735
11.6161,6.47024
12.3793,7.76476
14.9385,9.3012
16.9613,10.8796
18.6642,12.4306
21.0663,14.1046
22.707,15.7076
23.4848,17.0775
26.7262,18.7911
27.2584,20.2511
27.2326,21.3979
28.0159,22.4557
30.057,23.6551
30.385,24.6369
30.3075,25.3702
30.0841,25.8606
29.4048,26.0818
26.7968,25.7205
23.6935,24.7411
20.7845,23.3644
18.923,21.8913
17.6265,20.4367
16.6778,19.0395
12.7785,17.1348
9.85989,15.029
6.87053,12.7512
5.36826,10.6432
3.54117,8.6473
2.19447,6.84792
1.5924,5.35048
1.32823,4.13966
0.945937,3.12239
1.09781,2.35932
1.05616,1.82427
0.564798,1.36064
2.81034,1.50303
4.72208,2.03156
5.68758,2.68672
6.58532,3.41931
7.34198,4.16965
6.95168,4.69753
6.33815,5.00534
5.71572,5.12384
0.000905347,4.07657
-2.65087,2.71896
-5.13457,1.0879
-6.56969,-0.545025
-8.01328,-2.16082
-6.17273,-3.10462
-5.31073,-3.70351
-6.98616,-4.50932
-7.76176,-5.29592
-7.03752,-5.76699
-6.94434,-6.00248
-6.70718,-6.08649
-6.10025,-5.97898
-5.47934,-5.73797
-5.26428,-5.47115
-4.95802,-5.23596
-5.35839,-5.1464
-5.04132,-4.97536
-5.23129,-4.85986
-5.16991,-4.77074
-2.93293,-4.25405
-1.3798,-3.53517
-1.07981,-2.91309
-0.507728,-2.31435
-0.301551,-1.79874
0.101362,-1.31225
1.20631,-0.693466
1.42153,-0.162206
2.20502,0.42358
3.57912,1.16571
5.87733,2.17102
7.02721,3.17189
8.93712,4.34812
10.7184,5.63308
12.3496,6.98286
13.626,8.30931
15.9829,9.81812
17.8147,11.3869
18.9955,12.8613
18.3457,13.8813
17.9306,14.5649
17.3293,14.9669
17.1654,15.2147
16.5436,15.2503
16.107,15.1564
15.8131,14.9952
15.0056,14.654
13.3767,14.016
11.7684,13.1585
9.14437,11.9617
6.09869,10.4041
4.16862,8.78484
3.42298,7.34384
2.74001,6.0678
2.22571,4.95349
1.87806,3.99882
1.99883,3.27658
1.39015,2.61203
0.97116,2.03113
0.936347,1.6158
1.22296,1.40626
1.58833,1.35316
2.37244,1.48351
2.47665,1.62329
2.5949,1.76982
2.89278,1.95408
2.99215,2.11877
3.50343,2.36585
3.88399,2.64862
4.06093,2.91098
4.46443,3.1954
4.83965,3.49014
5.85992,3.91315
6.44311,4.36596
6.18406,4.67385
5.75322,4.82761
5.65273,4.92837
5.55018,4.9775
5.6854,5.03567
5.84241,5.10981
5.90904,5.17378
6.15678,5.26645
6.33027,5.35338
6.42353,5.42904
6.18515,5.44746
5.76539,5.3875
5.64537,5.31768
5.74229,5.28341
6.05384,5.3154
6.16881,5.36062
6.1668,5.39496
6.52678,5.48911
6.87198,5.62974
6.84091,5.73403
6.8749,5.82938
7.43108,6.02591
8.29405,6.35831
9.61089,6.88551
10.3116,7.44072
11.2011,8.06032
12.452,8.80622
13.4565,9.59612
14.5139,10.4321
13.5191,10.9026
12.8902,11.1525
12.7861,11.3196
12.1151,11.3006
11.7645,11.187
10.7281,10.8738
10.1737,10.4932
9.22131,9.97142
8.53185,9.39453
8.75424,8.95479
8.63194,8.5999
8.40266,8.28364
8.22831,7.99799
7.59605,7.65743
7.11648,7.2966
6.78792,6.96448
6.67399,6.68791
6.44887,6.44207
6.51053,6.27254
6.21219,6.07248
6.03107,5.87883
5.98907,5.72043
4.4404,5.28772
3.59218,4.78549
3.05081,4.28573
2.33481,3.74978
2.40421,3.33734
2.42548,3.01648
2.75382,2.82413
3.37205,2.80031
5.41429,3.19359
11.5132,4.7289
15.8999,6.86774
19.8676,9.39058
22.5573,11.9584
25.1862,14.5538
27.1505,17.0215
30.9324,19.7516
33.9712,22.5364
36.161,25.1889
38.2661,27.6881
38.7836,29.6599
39.1642,31.2194
38.1726,32.1833
36.2302,32.5083
36.6753,32.8008
41.6794,33.9935
47.6396,36.0585
50.1331,38.1439
52.0114,40.1408
58.0373,42.8984
60.5441,45.5946
62.2149,48.0777
63.1571,50.2738
61.1039,51.6618
53.0015,51.1421
40.4666,48.112
32.4439,43.9553
29.022,39.892
24.7705,35.7508
17.6986,30.894
14.1766,26.2504
10.3583,21.7359
5.29537,17.0915
4.30317,13.2216
3.45648,10.1304
4.66312,8.16794
2.35433,6.30849
3.54516,5.13258
4.63829,4.50178
5.4785,4.31705
2.4522,3.63964
2.35821,3.16091
2.25739,2.86649
2.00596,2.60197
1.77473,2.3623
3.2658,2.44286
3.83166,2.67006
4.52468,2.96485
5.20627,3.31353
6.50709,3.83459
8.49264,4.71354
9.18254,5.5567
8.90742,6.17836
8.89142,6.6779
8.70993,7.04619
7.67495,7.10181
6.97025,6.99321
7.12017,6.92144
6.30369,6.68608
5.57834,6.3248
5.46095,5.96965
5.40366,5.65926
5.85437,5.507
5.38581,5.29182
2.93527,4.63346
-0.502281,3.4415
-7.61017,1.08148
-11.813,-1.65032
-13.476,-4.15082
-15.0094,-6.44234
-15.062,-8.28355
-14.3621,-9.6153
-13.509,-10.5198
-12.9833,-11.1281
-11.975,-11.3605
-11.1849,-11.3146
-10.4591,-10.9801
-9.13089,-10.3566
-8.77013,-9.7499
-7.4437,-8.96633
-5.65508,-7.98063
-4.52767,-6.98161
-3.38386,-5.97196
-2.34079,-4.96691
-0.874187,-3.89121
0.389355,-2.7949
2.01023,-1.60927
3.10566,-0.470196
3.89365,0.590911
4.4883,1.53024
5.24441,2.39452
5.16026,3.0449
5.38797,3.58618
4.92447,3.90411
5.0563,4.15332
5.09468,4.33323
4.83978,4.39137
4.92726,4.43185
6.88379,4.83862
9.14943,5.6044
10.7666,6.52422
12.395,7.58757
13.9632,8.74699
16.0142,10.0947
17.4001,11.4472
18.2247,12.6933
17.3587,13.5224
16.7025,14.0526
16.1477,14.3238
15.7802,14.4186
15.0623,14.3161
14.046,13.9959
12.8771,13.4723
12.25,12.884
11.5182,12.2371
10.678,11.5339
8.8081,10.616
7.2636,9.58684
6.40931,8.60457
5.98404,7.74158
5.44488,6.95878
5.57908,6.38121
5.45928,5.92029
5.24872,5.52291
5.1619,5.20335
5.61775,5.05692
6.34446,5.12528
6.66343,5.27692
7.06213,5.49633
7.45468,5.75949
8.08646,6.10796
8.50214,6.46698
9.17332,6.89101
9.73574,7.34724
9.85018,7.73698
10.1265,8.09425
12.1092,8.761
13.1714,9.49998
13.9077,10.2299
14.6029,10.9444
15.0002,11.5819
15.4275,12.1684
15.4913,12.636
15.1976,12.9392
14.2403,12.9879
13.398,12.8525
12.7642,12.5748
14.1541,12.6078
15.1476,12.8171
15.1481,12.9697
15.3855,13.1307
17.0835,13.59
19.0291,14.3451
20.5511,15.26
23.4553,16.5932
24.5494,17.8967
25.1024,19.0637
27.7424,20.4955
30.4286,22.1568
28.0865,23.0175
26.7388,23.4313
25.4043,23.4591
24.8208,23.3228
23.583,22.9335
22.5322,22.3495
22.3795,21.8283
21.4118,21.2059
20.0458,20.3782
18.0731,19.2637
16.0772,18.0232
14.0532,16.655
12.5334,15.2851
14.6531,14.6257
15.6587,14.3259
17.3274,14.4423
18.3196,14.7372
17.3753,14.805
17.0304,14.8196
17.504,14.9684
17.3936,15.1081
16.815,15.1477
16.7612,15.2013
16.0677,15.0599
15.1029,14.7322
14.712,14.3561
13.8693,13.8653
13.5189,13.4229
13.9433,13.1613
15.8338,13.3199
17.0563,13.6936
17.88,14.1698
17.0043,14.3768
16.8447,14.5253
16.9078,14.6775
17.0217,14.8304
17.1385,14.9942
17.264,15.1578
16.7854,15.1839
17.1601,15.2391
17.4804,15.3211
17.4748,15.3679
16.8019,15.2895
16.8081,15.2315
16.9259,15.2073
17.1815,15.2366
17.4445,15.3101
18.051,15.4876
20.9628,16.2222
25.4518,17.6996
33.2248,20.4292
37.1865,23.4054
39.554,26.2743
41.896,29.0377
45.4075,31.9482
51.2603,35.4416
55.2139,39.0215
56.6279,42.1551
57.3935,44.7526
59.9961,47.2547
63.181,49.7265
66.2188,52.2264
76.1965,56.171
70.8574,58.2085
57.3261,57.0569
46.5189,53.8485
37.5598,49.4051
28.9344,44.0949
21.3946,38.3223
4.73759,30.3169
-6.08303,21.6801
-13.0816,13.3058
-19.5931,5.08969
-24.7608,-2.40206
-28.2587,-8.80445
-26.4304,-13.3286
-23.948,-16.2591
-18.3372,-17.2961
-14.2385,-17.144
-8.69831,-15.5566
-3.68084,-13.0508
0.274433,-10.1048
3.93739,-6.87564
7.35345,-3.49809
11.1198,0.0323396
14.5385,3.50116
17.7712,6.86945
20.3376,9.95687
21.4298,12.5572
27.7436,15.7813
32.826,19.2693
37.5687,22.9233
42.0154,26.6571
46.1292,30.3936
47.6708,33.6103
49.8309,36.5422
51.5815,39.1684
52.4107,41.3801
47.0797,42.0598
41.8079,41.4137
38.4983,40.1257
35.0989,38.3135
31.1765,35.9839
28.3682,33.4701
25.7747,30.9073
24.6544,28.5866
24.9526,26.7521
25.8167,25.4395
25.4382,24.4282
26.7092,23.9866
30.165,24.3956
33.9581,25.5543
40.6116,27.8962
45.6852,30.8448
46.8422,33.4908
49.0906,36.0813
51.7172,38.6726
53.3866,41.061
57.4423,43.791
62.1872,46.8966
67.1957,50.3087
68.8601,53.2897
69.9759,55.7548
70.1822,57.6592
65.6559,58.2526
54.059,56.3597
47.1555,53.4082
36.0397,48.7881
31.1591,44.0287
30.1875,39.925
29.9326,36.4835
29.2181,33.5517
28.6265,31.0639
22.5011,27.8442
10.7195,23.0093
-9.11405,15.4237
-19.4833,7.42967
-24.9108,0.187622
-22.2784,-4.97472
-25.7754,-9.78312
-27.6193,-13.9932
-37.9011,-19.4022
-43.2083,-24.7782
-47.329,-29.7716
-43.771,-32.8016
-40.076,-34.0608
-35.8281,-33.9959
-31.1718,-32.8961
-21.1275,-30.064
-12.7891,-26.0555
-4.17454,-21.0862
4.77066,-15.1009
11.7424,-8.80434
17.2148,-2.58412
27.3782,4.34833
34.8731,11.3139
41.2144,18.0634
45.8622,24.2926
49.3718,29.7621
53.609,34.8062
56.0439,39.1434
53.5865,41.9295
49.7641,43.2443
46.7888,43.5835
44.2351,43.1259
43.4236,42.4365
43.3228,41.7287
41.5625,40.7106
40.3181,39.5718
38.4754,38.2013
36.9589,36.7493
33.9772,35.0441
34.3286,33.8323
35.3798,33.137
37.3879,33.0373
41.8554,33.8684
44.7847,35.1213
47.0297,36.6104
50.5643,38.5354
58.3089,41.6638
66.191,45.7756
74.8253,50.8559
84.6933,56.8861
92.7912,63.3074
100.559,69.9547
106.294,76.3238
119.645,84.0262
131.054,92.4218
140.151,100.882
150.544,109.562
146.962,115.621
148.511,120.592
147.097,124.074
138.165,124.9
128.449,123.45
126.852,121.848
127.488,120.406
133.838,120.278
144.193,122.052
145.016,123.411
153.679,126.309
169.556,131.769
188.662,139.989
192.067,147.437
182.637,151.719
159.834,150.618
150.968,147.95
150.392,145.564
140.164,141.388
138.713,137.738
143.853,135.661
150.828,135.053
157.186,135.428
158.576,135.933
169.173,138.659
187.241,144.943
191.188,150.95
198.249,157.18
206.189,163.972
217.856,171.77
222.721,178.871
201.103,180.078
185.125,177.712
151.676,169.1
119.479,155.542
97.2301,139.859
89.0102,125.584
70.7796,110.365
56.8659,95.2376
58.8937,83.2904
54.5666,72.7627
50.2297,63.9375
45.1952,56.2135
29.8532,47.6842
21.3453,39.8506
3.5984,30.5122
-0.146718,22.4689
0.568289,16.5688
-1.67226,11.6994
-9.95445,6.10391
-18.0301,0.1053
-17.2428,-4.443
-12.0485,-6.93465
-4.93637,-7.17609
1.51993,-5.89527
7.04946,-3.3836
8.13002,-1.07772
14.3381,1.99324
14.8532,4.60114
3.25979,4.54664
-10.4187,1.94077
-15.681,-1.21329
-21.1474,-4.94137
-32.6699,-10.3811
-61.6625,-20.67
-89.4294,-34.5733
-85.4152,-44.9163
-73.8855,-51.018
-67.1434,-54.5621
-15.2723,-46.7741
12.046,-34.7864
45.7985,-18.3326
67.3134,-0.749281
87.1039,17.5229
87.1282,32.7682
83.3489,44.8048
92.9939,56.2769
114.759,69.5599
126.671,82.4241
133.38,92.9432
146.067,103.309
143.311,110.326
130.191,112.854
127.787,113.97
129.839,115.273
159.373,122.303
175.852,131.016
202.533,142.855
225.779,156.719
232.499,169.011
234.543,178.981
253.768,190.86
282.743,206.441
317.132,225.835
363.59,250.598
383.912,273.838
414.108,298.116
426.851,319.513
413.427,333.448
400.565,341.878
374.518,343.37
340.157,337.278
317.395,327.229
299.919,314.957
293.389,302.835
282.27,290.478
264.632,276.416
245.55,261.076
227.322,245.447
221.076,231.971
212.411,220.016
216.437,211.995
233.629,209.506
220.139,205.192
209.708,199.795
169.763,187.727
145.658,173.63
139.234,161.478
133.877,151.076
100.586,136.23
74.2442,119.271
46.9915,100.168
23.868,79.8905
5.11374,60.2077
-31.9637,37.27
-123.518,1.46679
-149.964,-31.9474
-170.992,-62.7464
-183.721,-89.8163
-154.461,-104.905
-144.194,-114.357
-134.422,-119.379
-140.105,-124.037
-142.375,-127.814
-126.821,-126.929
-121.706,-123.232
-93.707,-114.107
-67.9999,-101.213
-6.97882,-78.421
34.7386,-52.472
65.6655,-25.748
105.76,3.44038
131.368,32.0346
154.901,59.6654
167.772,84.0102
175.246,104.871
185.415,122.992
193.109,138.476
203.477,151.626
221.116,164.778
246.447,179.701
257.409,192.972
260.403,203.637
313.032,222.189
363.262,246.801
411.205,275.918
435.595,303.872
453.902,329.731
454.855,350.386
445.027,364.566
440.467,374.454
456.058,385.247
460.108,394.627
454.876,399.954
438.279,399.818
389.498,388.924
353.325,372.45
328.506,353.913
292.426,331.848
260.519,308.025
262.648,289.491
259.57,273.713
279.474,264.984
313.352,264.889
354.989,273.497
392.469,288.927
431.688,309.892
461.326,333.124
454.881,351.196
450.475,365.457
469.51,380.627
457.987,390.525
404.571,387.332
329.722,369.081
235.767,334.795
201.251,299.658
172.214,264.899
196.551,241.322
257.236,234.737
285.251,235.166
308.746,239.799
348.257,251.655
381.801,268.997
388.564,285.829
409.462,305.493
411.245,322.321
429.062,339.971
491.799,366.116
568.542,401.077
663.124,447.361
740.31,499.32
772.055,546.388
819.574,592.826
907.098,647.337
969.576,702.991
1020.99,757.76
1079.04,812.802
1132.37,866.154
1351.44,951.002
1786.62,1103.88
1987.97,1264.8
1996.5,1394.56
1996.01,1497.25
2084.15,1595.15
2173.32,1689.97
2134.77,1757
2076.09,1797.65
2093.38,1832.48
2220.56,1881.07
2258.86,1918.26
2251.82,1942.28
2070.03,1924.96
1740.05,1845.11
1409.68,1713.27
997.164,1523.37
724.771,1317.81
413.183,1092.3
158.238,860.533
129.887,666.718
78.6111,500.588
-80.8148,335.95
-238.658,176.575
-496.504,4.59173
-601.946,-146.988
-699.857,-278.976
-626.768,-364.099
-498.237,-399.8
-332.855,-389.809
-75.9225,-329.821
152.714,-235.002
262.322,-133.802
214.931,-58.9302
128.681,-10.7455
115.67,27.4643
-6.50022,35.7008
-3.58273,41.3038
15.5932,46.8612
0.942905,44.8256
-32.8401,30.9229
-253.37,-29.2151
-457.976,-120.601
-638.314,-228.759
-758.334,-337.437
-731.241,-418.682
-782.987,-491.403
-838.341,-560.714
-882.221,-625.35
-848.17,-669.934
-825.997,-700.442
-825.941,-720.1
-773.696,-720.985
-699.538,-702.988
-617.88,-669.681
-628.027,-645.647
-613.837,-622.47
-657.531,-611.479
-723.338,-614.905
-717.9,-617.29
-769.044,-629.903
-902.57,-666.699
-931.584,-703.061
-960.461,-739.519
-909.37,-760.22
-817.143,-758.118
-750.643,-743.441
-715.858,-723.804
-612.588,-686.027
-552.431,-643.891
-403.74,-579.346
-217.41,-487.576
-52.5294,-380.561
157.536,-252.316
298.352,-122.654
450.975,9.62002
591.956,142.207
632.845,255.708
599.236,337.569
598.8,401.678
569.657,443.944
516.241,463.072
523.746,476.335
540.884,485.862
502.732,482.829
506.777,477.934
502.057,470.046
524.974,467.442
512.808,463.646
501.894,458.437
431.86,440.888
322.087,406.042
184.872,350.56
77.2521,284.283
-47.9695,207.037
-94.5613,135.834
-169.851,63.9154
-215.33,-3.20749
-325.731,-78.7247
-407.508,-155.26
-462.668,-226.015
-538.907,-295.51
-562.742,-352.927
-525.991,-389.199
-458.71,-402.071
-393.552,-398.336
-348.213,-384.664
-290.356,-361.178
-269.978,-335.943
-250.278,-310.059
-248.496,-287.811
-257.751,-270.226
-243.701,-252.836
-287.399,-248.453
-324.197,-253.751
-341.77,-262.903
-362.79,-275.403
-363.03,-286.693
-333.408,-290.238
-353.597,-297.535
-369.882,-306.668
-391.275,-318.054
-370.639,-323.338
-337.09,-319.916
-318.157,-312.602
-302.354,-303.213
-260.287,-286.837
-143.191,-250.312
-51.7002,-203.43
35.12,-148.126
132.507,-84.0564
184.929,-21.8567
225.142,35.5024
277.645,91.1698
334.135,146.595
415.849,206.939
478.92,266.925
520.222,320.659
555.201,368.678
638.515,421.891
607.4,456.147
608.167,482.58
577.108,496.651
567.393,504.837
564.856,509.665
548.026,508.407
509.105,498.262
478.621,483.162
477.451,470.097
467.307,455.827
467.57,445.132
440.216,431.088
376.498,407.777
324.591,378.955
286.781,348.39
235.88,314.119
139.343,268.231
68.37,217.981
29.7298,170.077
-1.28008,125.77
-42.2254,82.1303
-93.1598,37.6187
-148.856,-7.7615
-180.58,-49.2957
-201.091,-85.8135
-187.496,-111.215
-172.129,-126.391
-195.862,-141.753
-241.352,-162.311
-262.559,-182.333
-280.638,-201.087
-302.413,-219.352
-314.468,-235.179
-334.502,-251.165
-314.013,-259.417
-287.824,-261.072
-256.793,-256.519
-221.135,-245.236
-185.741,-228.154
-148.013,-206.488
-125.413,-184.246
-84.7076,-157.844
-49.8771,-129.497
-20.7446,-100.564
3.15635,-73.0761
18.8255,-48.5149
-21.7386,-37.645
-48.2777,-35.0227
-92.1305,-42.4555
-145.746,-59.9351
-157.693,-76.7935
-182.557,-96.1271
-189.534,-113.737
-192.048,-128.954
-176.38,-138.507
-162.577,-143.725
-148.695,-144.252
-139.067,-142.179
-180.231,-147.811
-190.237,-153.166
-197.627,-158.672
-185.085,-160.034
-179.981,-159.953
-171.445,-158.127
-176.745,-158.063
-152.089,-153.377
-112.225,-141.953
-84.6306,-127.502
-41.3674,-106.405
-11.58,-83.3547
20.4738,-58.345
61.7186,-30.3576
96.8026,-1.06047
133.454,29.5242
155.475,58.51
169.847,84.0435
144.528,98.5505
136.738,108.005
110.147,109.322
87.5411,105.215
72.742,98.2805
66.1378,90.5265
93.5172,89.0458
160.16,100.403
214.45,119.873
256.589,143.569
275.211,166.794
293.304,189.159
305.349,210.032
340.586,234.263
421.126,270.073
461.088,306.856
471.898,337.856
493.839,365.613
506.916,389.268
509.751,407.855
492.868,418.947
441.676,417.194
382.667,403.732
329.534,381.578
274.086,351.036
194.878,309.903
128.039,263.396
48.1833,209.748
-27.8328,151.346
-121.769,85.7763
-178.143,22.4082
-252.704,-42.0991
-300.759,-102.049
-330.224,-154.761
-340.171,-197.729
-348.368,-232.042
-339.625,-256.308
-324.708,-271.023
-281.225,-272.465
-255.648,-266.487
-219.969,-253.358
-193.199,-235.899
-146.807,-211.622
-120.978,-186.402
-75.2293,-156.862
-21.8447,-122.378
26.9587,-85.2169
64.0263,-48.3952
107.985,-11.0799
157.774,28.1809
192.755,65.8194
209.489,98.7023
226.033,127.321
249.414,154.338
275.244,180.134
288.055,202.188
301.936,221.558
264.367,228.745
204.968,221.671
151.505,204.25
90.0878,177.278
43.8794,146.099
4.89961,113.005
-24.8767,80.0728
-44.1835,49.3108
-44.3909,24.3845
-48.3523,3.35313
-49.2823,-12.8512
-53.3,-25.3426
-75.2059,-38.5688
-75.6937,-47.9284
-66.6764,-52.6203
-45.5419,-51.3099
-5.4761,-41.6089
24.6718,-27.4039
49.6287,-11.0441
63.1364,4.83036
62.0394,17.3305
62.6056,27.5301
78.955,39.4301
90.7516,51.3199
98.5518,62.1982
111.353,73.0072
118.808,82.2849
117.094,88.7168
106.958,91.2993
100.205,91.7245
95.8936,91.2261
89.7415,89.5847
87.6267,87.4976
91.8984,86.4288
93.5099,85.7287
88.1237,83.8164
57.7857,76.0589
36.5041,65.6334
20.4287,54.2955
7.12847,42.7102
22.8306,36.675
36.6028,34.7334
43.3588,34.5767
44.7073,34.6293
45.8379,34.8629
48.7682,35.7515
49.0266,37.1656
48.6094,38.6704
48.8373,40.2651
58.2341,43.7058
64.1477,47.3039
68.6642,50.7899
73.2549,54.3518
72.0844,56.9382
58.6092,56.2881
48.7097,53.7251
41.7201,50.2713
42.1607,47.6053
43.1915,45.6738
42.5643,43.8013
44.1464,42.4928
49.5304,42.4257
56.6656,43.7006
65.3713,46.4867
66.0609,49.1429
60.9641,50.4611
58.6492,51.2028
62.4102,52.5389
62.6071,53.625
62.1033,54.4066
10.8984,44.7569
-35.885,27.5649
-76.289,5.57721
-108.097,-18.5616
-126.019,-41.4716
-198.531,-74.1927
-286.734,-117.961
-338.639,-163.436
-392.254,-210.544
-430.711,-255.911
-492.195,-303.402
-524.248,-346.801
-560.822,-387.967
-568.253,-421.702
-529.063,-440.468
-487.487,-445.609
-468.234,-443.976
-431.281,-434.165
-387.998,-416.508
-358.696,-395.696
-325.205,-371.028
-304.672,-346.499
-300.458,-325.247
-289.942,-305.983
-272.061,-287.837
-236.319,-267.065
-211.181,-245.833
-204.616,-228.328
-190.723,-212.474
-185.072,-199.291
-185.137,-189.477
-179.132,-180.865
-171.123,-172.464
-142.623,-160.269
-100.524,-142.478
-58.8319,-120.674
8.74799,-90.2543
39.0677,-59.9958
71.5587,-29.5892
95.8285,-0.531266
122.699,28.0905
125.322,51.3838
134.066,71.5951
123.861,85.1111
139.37,98.1216
142.508,108.262
141.239,114.67
127.701,116.437
121.769,115.967
115.22,113.759
103.153,109.003
92.4725,103.006
83.3439,96.1944
91.2352,92.5426
95.8681,90.2148
98.6267,88.8368
101.927,88.4217
69.5231,81.8996
45.3076,71.9663
22.7455,59.6478
0.66367,45.6358
-4.60956,33.6009
-15.7101,21.9489
-16.5923,12.2814
-16.8745,4.39145
-16.6981,-1.94446
-14.1949,-6.58341
-20.1981,-10.7993
-28.6121,-15.3349
-32.0841,-19.1732
-31.3574,-21.6243
-26.3924,-22.4789
-21.9839,-22.0425
-15.0477,-20.2873
-13.8447,-18.6364
-19.0177,-18.354
-23.3686,-19.0521
-23.9988,-19.6077
-25.2304,-20.1178
-24.1067,-20.2266
-15.2846,-18.5648
-11.6494,-16.6149
-8.40738,-14.5013
-3.74617,-12.0271
-6.72748,-10.6699
-9.45837,-10.0192
10.1292,-5.48767
25.5765,1.24054
42.7257,10.0794
52.8156,19.1443
60.7844,27.8006
66.0255,35.6957
68.2031,42.3777
70.2083,48.0243
72.2585,53.0156
77.0465,58.0249
99.9616,66.1947
120.661,76.5387
140.786,88.4706
147.327,99.1077
155.194,109.02
170.384,119.875
153.85,125.205
144.823,127.621
134.743,127.494
125.304,125.401
117.225,121.619
110.364,116.777
103.123,111.023
90.7833,103.811
72.6157,94.2393
66.7148,85.0754
62.2785,77.2121
59.9855,70.6568
54.3463,64.5011
60.1253,60.9351
61.6939,58.5694
59.2263,56.3308
56.9961,54.2493
54.3775,52.3254
53.2195,50.9448
54.7714,50.2774
63.2377,51.532
71.264,54.1903
75.948,57.3747
82.7641,61.1614
88.5395,65.3122
88.6352,68.7049
88.0997,71.3599
85.5095,73.0221
83.2027,73.9153
75.8676,73.1296
71.4449,71.4346
75.4457,70.7064
76.0933,70.1528
76.9343,69.7318
77.8836,69.4608
76.9779,69.0608
80.3015,69.417
139.616,81.6206
193.277,102.165
229.454,125.994
264.975,152.256
292.174,178.619
322.267,205.715
349.495,232.819
358.669,256.316
372.052,277.81
357.69,292.062
345.357,299.722
332.566,302.141
323.981,301.581
293.591,294.293
277.861,284.732
263.389,273.543
250.062,261.341
236.106,248.592
221.819,235.248
203.078,221.133
193.322,208.154
195.049,198.391
188.912,189.538
160.719,177.469
141.48,164.304
121.891,150.165
107.896,136.342
95.7768,123.158
94.1739,112.598
94.983,104.714
103.82,100.383
130.453,102.209
156.834,109.077
172.755,118.361
176.071,126.865
186.442,136.163
207.19,148.051
235.888,163.562
272.646,183.356
365.015,217.648
414.923,254.874
516.669,304.431
604.575,361.092
682.476,421.659
706.031,474.752
672.569,510.312
633.335,530.467
670.984,553.505
675.726,572.094
667.244,583.285
624.697,582.657
596.808,574.392
561.235,558.778
534.556,539.277
540.432,524.346
544.597,513.953
528.844,503.331
509.268,490.109
470.541,471.684
455.729,454.164
420.393,433.995
403.205,415.02
341.412,388.246
253.484,349.814
187.797,305.805
132.631,259.475
110.843,218.392
72.1237,178.202
23.9121,137.239
13.656,102.736
2.76537,73.7138
15.0532,53.3229
22.2479,39.7761
63.4075,39.0589
111.165,49.4473
167.437,70.1969
244.98,102.773
280.589,136.787
323.29,173.574
371.465,212.859
457.352,261.698
575.452,324.126
671.822,393.187
754.741,464.136
871.069,543.136
1047.16,640.344
1022.35,711.484
1087.26,780.613
1089.64,835.477
978.101,856.024
860.037,847.005
772.085,819.664
781.53,797.61
710.542,763.988
615.619,715.608
544.873,658.974
499.596,605.143
507.81,562.328
507.951,528.053
496.638,500.765
398.504,461.844
359.041,424.703
308.791,384.737
181.162,328.763
123.585,274.507
-55.6377,196.777
-165.053,113.682
-162.399,47.561
-167.955,-6.45028
-153.651,-46.5556
-166.685,-79.1392
-193.486,-109.719
-228.396,-140.086
-260.464,-168.052
-270.114,-191.118
-272.284,-206.157
-290.604,-219.502
-306.914,-233.496
-291.055,-241.401
-258.21,-241.464
-210.888,-231.769
-144.028,-210.066
-80.5797,-179.264
1.46187,-137.525
92.3672,-85.7461
243.702,-14.0091
336.134,62.2602
437.167,143.832
521.59,225.634
580.528,302.158
571.578,360.571
580.318,407.613
557.793,439.379
489.617,449.396
367.527,431.038
286.784,396.954
223.494,355.043
157.129,306.072
96.288,252.914
94.0748,208.68
69.3359,168.536
-1.72471,122.022
-57.9113,74.0568
-75.2274,33.6855
-111.224,-3.18893
-139.05,-36.5198
-132.586,-60.5326
-122.004,-76.2012
-147.024,-92.4334
-182.992,-112.565
-195.225,-130.586
-198.467,-144.125
-188.631,-151.783
-129.5,-145.711
-41.9596,-122.572
29.0047,-89.2707
80.8569,-52.3979
105.867,-18.1249
142.283,17.114
161.022,49.8253
166.891,77.4308
154.163,97.0393
155.773,112.837
175.145,128.079
184.811,140.327
190.991,149.837
189.88,156.109
177.051,158.024
158.415,155.047
139.547,148.489
135.792,142.366
120.766,134.735
96.6657,123.776
85.6445,112.388
52.3184,96.4056
-66.5368,59.7156
-175.188,8.65721
-285.945,-54.0654
-358.282,-118.311
-409.699,-179.585
-449.437,-236.472
-455.717,-282.914
-449.164,-318.24
-434.445,-343.32
-427.398,-361.259
-415.413,-370.661
-405.237,-373.814
-398.866,-372.684
-349.272,-360.307
-301.624,-339.772
-219.483,-306.063
-151.851,-265.434
-114.107,-225.523
-75.5982,-186.208
-45.5553,-148.899
-14.524,-113.103
-1.05167,-81.9907
3.53634,-56.3197
15.6673,-34.4217
17.8859,-17.4829
27.6854,-3.73585
49.9886,10.27
61.8025,23.0269
51.0864,30.2623
-5.1536,24.1574
-44.5438,10.7291
18.8617,12.3782
114.826,32.7917
214.742,68.8454
271.381,108.968
330.821,152.744
355.212,192.165
372.833,226.971
387.872,258.054
395.953,285.745
393.367,308.226
404.799,327.135
418.084,342.859
427.979,355.271
403.003,358.99
332.447,346.577
268.435,323.32
239.669,298.583
185.995,267.736
148.328,235.352
116.69,203.172
79.9027,169.825
31.3031,133.142
0.574707,97.438
-24.51,64.394
-66.0895,31.1581
-112.299,-3.29794
-161.491,-40.0835
-211.277,-78.3163
-269.305,-119.699
-303.283,-158.922
-350.014,-198.856
-372.398,-234.237
-379.859,-263.374
-352.993,-280.771
-327.216,-288.641
-277.769,-284.055
-250.257,-273.827
-229.057,-260.336
-214.203,-245.326
-194.296,-228.607
-173.113,-209.992
-133.814,-186.759
-92.2366,-159.697
-46.5303,-129.483
-10.2629,-98.6123
7.7119,-71.3825
9.55028,-49.8217
9.0964,-33.1191
6.18478,-20.6584
11.8896,-9.97628
9.82304,-2.29884
12.1921,3.47298
-2.20708,4.31773
-35.0198,-2.55054
-14.5463,-4.72931
-7.95223,-5.5395
-0.0382922,-4.64435
1.30828,-3.64917
31.9157,3.33099
46.4953,11.7085
59.5615,21.0682
65.6237,29.7175
70.2763,37.8766
79.5941,46.9722
87.9253,55.4752
106.007,65.7523
115.166,75.6359
103.129,81.1064
97.0574,83.6112
75.9722,81.0849
89.2184,81.4326
99.7217,83.6811
109.121,87.2599
144.237,96.946
202.714,116.211
241.251,138.943
252.957,159.272
281.246,181.452
288.992,200.876
304.927,220.055
309.535,236.035
370.063,260.699
415.72,289.36
435.161,315.423
461.156,340.216
480.958,363.184
465.487,378.212
437.362,384.002
418.256,384.647
396.402,380.45
348.402,367.393
312.243,348.416
272.418,324.289
255.971,301.28
252.053,281.532
281.13,271.123
295.661,266.034
317.389,266.913
317.403,268.029
320.285,269.968
318.459,272.184
311.292,273.3
293.798,271.55
314.443,274.632
338.622,282.017
359.828,291.542
375.879,302.06
398.822,314.596
390.021,322.865
407.711,332.956
422.642,344.054
425.39,353.637
430.47,362.694
395.039,362.41
367.092,356.075
324.597,342.052
316.015,328.773
260.428,306.539
210.478,278.951
172.556,248.917
135.858,217.229
132.991,191.246
105.248,164.802
55.3418,134.427
-22.3449,95.1892
-88.7155,51.4376
-140.892,6.18526
-186.67,-37.9784
-219.125,-78.7277
-225.844,-111.857
-222.214,-136.846
-216.716,-155.676
-183.485,-163.498
-149.424,-161.871
-138.721,-156.762
-188.779,-161.26
-230.366,-172.056
-248.773,-183.39
-257.353,-193.477
-489.691,-247.87
-618.037,-317.131
-736.53,-396.357
-810.262,-475.198
-881.007,-553.151
-910.643,-621.67
-925.995,-678.481
-849.598,-707.757
-773.974,-715.658
-688.301,-704.66
-637.321,-680.676
-542.508,-639.77
-438.444,-583.688
-302.664,-510.083
-195.373,-428.222
-117.922,-346.606
-72.2492,-271.849
-46.496,-208.533
16.3971,-146.926
71.4104,-88.4778
119.089,-33.2781
175.175,20.0628
215.547,68.5753
258.886,113.137
275.802,149.866
321.511,186.727
349.545,220.842
354.823,248.637
360.552,270.668
326.259,280.253
301.867,282.018
275.843,277.021
242.86,265.56
210.305,248.95
170.872,227.411
177.032,210.431
-390.263,82.7858
-253.367,7.93547
-152.166,-31.8276
-91.3367,-50.7358
-45.7453,-56.2202
10.2866,-48.8425
84.4649,-27.3964
149.6,3.48651
195.507,38.2212
244.329,75.6411
289.437,126.781
327.763,172.418
427.553,226.713
614.186,306.169
653.439,376.605
687.483,438.56
709.25,490.884
720.012,533.497
726.06,567.811
739.16,596.834
790.058,629.263
811.842,658.74
798.875,677.586
709.577,670.795
618.606,646.324
536.784,609.653
508.64,574.219
447.082,533.33
415.022,494.076
388.712,457.13
382.682,425.274
374.691,397.723
360.016,373.026
317.016,346.586
245.223,313.029
196.749,278.246
172.701,246.214
121.842,211.738
86.4047,177.759
52.6771,144.395
44.3117,116.16
73.4851,99.579
89.4159,89.8151
116.369,88.318
116.36,88.6603
172.238,101.151
169.486,111.109
190.445,124.36
215.799,140.792
221.765,155.855
224.271,168.587
229.665,179.224
236.123,188.684
239.758,196.4
245.362,203.693
202.488,199.754
176.196,191.402
160.843,181.201
129.564,166.239
120.55,152.339
116.444,140.344
101.719,127.687
87.0951,114.498
65.7683,99.6031
46.715,83.7563
29.6881,68.5943
42.461,59.5839
52.2478,54.6626
47.1973,50.3871
36.6984,45.0606
23.5977,38.2674
4.55239,29.34
4.14429,22.4305
2.33469,16.999
0.0694162,12.6099
9.49623,11.3496
11.0792,10.3837
10.1502,9.21497
16.0398,9.56639
11.7041,9.20584
34.1934,13.6966
49.2943,20.7184
72.3622,30.9581
82.1417,41.1447
92.5674,51.4278
95.8384,60.106
101.471,68.1411
105.385,75.3719
106.837,81.3204
105.481,85.9012
99.4425,87.8751
96.1726,88.476
95.3363,88.2941
95.1292,87.8972
95.7315,87.4762
107.618,89.4465
130.933,95.5648
152.358,104.66
164.487,114.331
184.479,126.096
218.243,142.39
329.439,177.734
409.329,222.006
483.54,272.27
537.511,323.262
591.965,374.692
662.791,429.5
658.6,472.048
659.82,506.07
650.045,530.903
676.853,555.406
694.328,576.116
683.918,588.886
677.087,596.142
638.797,593.13
617.936,585.379
552.504,564.571
506.802,538.874
476.161,512.162
436.281,483.026
418.208,455.527
396.611,428.833
405.144,409.408
376.944,388.375
330.244,363.031
300.556,337.266
248.226,307.593
213.55,277.901
188.079,249.711
182.46,226.892
142.824,201.097
117.287,175.818
85.5631,149.067
80.4251,127.243
66.9821,108.099
67.7786,93.5807
69.5486,83.4437
102.763,82.7216
82.9088,78.7201
-22.0881,54.6401
-81.4973,24.3455
-153.25,-13.6922
-197.425,-52.2763
-218.191,-87.1864
-249.976,-121.183
-256.844,-149.77
-251.542,-171.618
-238.189,-187.139
-223.078,-196.108
-212.498,-198.911
-178.512,-193.081
-131.432,-177.46
-55.2959,-148.788
-0.768963,-114.498
51.3229,-75.966
104.853,-34.2865
135.888,5.1503
124.398,34.1149
122.301,56.5427
93.7655,68.5506
115.859,81.8457
130.3,94.359
151.115,106.898
164.048,118.344
171.515,127.876
180.354,136.12
171.985,140.375
153.305,140.289
128.859,135.377
110.529,128.394
114.029,123.033
122.67,120.162
120.771,117.039
115.827,113.273
132.073,113.35
-727.7,-58.7328
-492.405,-149.161
-290.465,-180.714
-1036.93,-354.724
-1605.91,-607.335
-1117.35,-711.787
-714.147,-714.894
-400.326,-654.574
-148.452,-555.837
55.7838,-436.349
240.593,-285.333
393.88,-138.916
583.118,11.7284
928.375,217.326
1003.22,408.99
1063.81,563.95
1292.76,725.048
1477.39,884.114
1465.88,1003.66
1407.47,1083.22
1361.87,1133.78
1318.87,1162.34
1288.08,1174.97
1242.68,1168.57
1173.47,1148.01
1122.06,1119.97
1081.98,1084.61
1051.66,1046.3
1099.66,1025.49
1067.59,1003.69
974.788,968.66
852.088,917.023
837.906,873.539
846.744,841.493
885.321,825.059
903.542,816.659
887.838,807.66
860.648,795.673
883.961,789.716
970.362,802.918
1015.54,824.51
1038.6,849.029
1121.69,885.567
1163.06,922.882
1161.98,951.69
1152.26,972.4
1179.68,994.79
1147.77,1006.9
981.844,982.909
841.969,933.883
771.723,879.642
728.398,827.09
786.721,794.928
753.711,761.708
761.234,736.66
762.793,717.142
686.703,685.721
663.226,656.574
649.461,634.066
603.632,609.898
498.788,571.104
460.664,533.373
404.563,490.717
327.621,441.912
313.814,399.945
307.246,365.024
328.317,342.936
349.919,330.09
510.201,352.165
769.882,422.745
985.61,524.607
1197.62,649.317
1322.48,775.262
1374.88,888.15
1474.34,998.648
1485.27,1089.37
1520.33,1168.51
1598.1,1246.92
1781.38,1342.85
1904.2,1438.59
2035.92,1536.89
2110.16,1625.82
2237.98,1719.86
2310.82,1808.52
2359.27,1887.01
2594.93,1996.7
2809.73,2126.66
2853.88,2237.78
3024.03,2356.78
3333.71,2511.27
3718.53,2709
4061,2934.09
4238.24,3146.86
4157.28,3299.32
3812.92,3351.37
3352.34,3295.84
3227.96,3221.93
3234.39,3163.13
2967.52,3059.07
2650.18,2905.7
2339.35,2712.58
2100.74,2503
1780.25,2267.43
1412.47,2007.17
697.862,1663.42
312.087,1321.16
-51.3656,977.339
-273.735,657.666
-414.854,379.435
-555.284,135.579
-868.122,-115.399
-970.897,-331.611
-796.669,-462.854
-643.13,-529.241
-629.601,-564.3
-551.505,-568.443
-289.577,-511.566
188.215,-365.732
507.977,-182.081
876.641,41.5879
1239.25,299.764
1465.87,553.834
2198.37,899.85
2844.96,1302.68
3204.17,1696.5
3633.82,2095.81
3899.54,2462.77
4055.2,2777.22
4267.93,3064.45
4293.25,3291.38
4330.36,3472.57
4513.17,3649.21
4562.39,3784.63
4853.84,3937.38
5046.9,4090.48
5123.9,4219.12
4843.04,4260.17
4132.08,4147.46
3542.15,3934.75
2846,3624.8
2201.81,3247.21
1608.67,2822.58
1043.24,2368.74
928.66,1976.49
681.638,1609.14
641.468,1305.57
368.02,1014.05
167.31,755.97
-38.5124,521.006
90.5199,373.792
366.057,324.961
756.333,376.689
1221.02,523.152
1731.14,744.806
2079.87,997.181
2681.96,1320.36
2893.21,1627.03
2792.43,1856.52
2750.1,2036.06
2889.47,2204.8
2928.26,2341.63
2982.59,2453.58
2978.16,2532.27
2844.14,2557.47
2382.22,2477.76
1995.75,2323.76
1455.92,2088.06
924.423,1795.37
692.996,1515.83
581.118,1266.84
573.595,1065.31
675.541,923.303
819.873,838.662
918.743,793.6
988.817,781.486
1049.92,792.314
972.96,797.178
1054.17,828.724
1153.59,878.816
1201.84,930.941
1101.74,952.782
1142.95,976.309
1187.69,1000.98
1329.78,1047.01
1407.69,1097.91
1420.42,1139.87
1725.84,1236.17
1909.01,1348.1
2052.31,1464.17
2039.31,1553.39
1915.77,1602.2
1413.47,1539.91
982.783,1402.98
715.754,1236.98
246.283,1008.61
-264.137,723.557
-730.758,395.632
-1176.45,40.22
-1571.95,-326.288
-1511.54,-607.132
-1357.82,-798.411
-1238.4,-916.763
-1196.73,-993.862
-811.978,-972.856
-402.662,-864.106
-150.663,-715.745
84.6112,-539.981
-5.6801,-407.857
318.578,-228.812
513.994,-47.7909
787.181,148.362
1150.17,375.318
1307.22,587.398
1257.13,738.782
1290.06,857.685
741.535,837.69
279.501,724.235
-69.3486,565.641
-599.772,325.717
-1040.68,41.4001
-1527.13,-289.21
-2025.2,-661.106
-2863.1,-1129.58
-3207.83,-1572.23
-3755.48,-2036.58
-4127.91,-2470.77
-4510.91,-2884.8
-4446.57,-3195.66
-4234.33,-3390.52
-3955.95,-3481.26
-3713.31,-3494.87
-3626.38,-3477.68
-3587.22,-3438.11
-3354.04,-3352.41
-3000.92,-3201.46
-2579.88,-2988.5
-2191.54,-2732.23
-1634.63,-2417.22
-1321.57,-2107.16
-1089.99,-1818.77
-924.465,-1560.17
-925.281,-1355.32
-977.079,-1202.63
-658.254,-1021.73
-381.657,-829.271
-95.3781,-627.09
-11.8429,-456.978
300.41,-270.397
650.178,-57.9013
874.961,152.078
887.224,318.96
878.886,450.816
712.542,524.144
536.701,540.791
479.269,536.683
118.352,455.065
-147.967,334.713
-246.957,211.927
-276.082,100.363
-513.388,-41.1769
-698.826,-191.76
-643.833,-301.048
-618.869,-379.914
-433.694,-402.196
-325.547,-397.158
-329.484,-386.165
-306.187,-366.992
-217.013,-331.693
-41.3049,-267.686
-34.7835,-210.081
29.838,-147.09
36.866,-96.4725
30.1734,-57.8532
84.0518,-20.1587
101.761,11.2163
196.823,55.4132
171.811,85.268
120.515,96.9777
120.774,102.624
20.4753,86.9412
-95.0868,49.8948
-179.963,3.13158
-228.537,-43.85
-341.619,-105.209
-487.077,-183.768
-381.753,-227.591
-316.184,-249
-148.838,-231.555
53.2795,-177.182
317.379,-78.7095
706.519,80.3782
1167.34,301.636
1574.07,561.031
1891.72,834.505
2309.43,1139.95
2571.39,1434.44
2627.51,1679.84
2610.24,1869.12
2449.49,1984.05
2416.81,2063.78
2444.39,2124.73
2583.01,2191.32
2792.33,2277.72
2822.09,2345.97
2976.35,2422.45
2987.29,2480.2
2947.5,2517.23
2740.75,2505.88
2817.66,2515.64
2812.58,2523.12
2770.47,2520.1
2624.81,2485.57
2362.71,2401.03
2115.25,2283.27
2020.78,2166.86
2101.25,2089.58
2119.89,2032.35
2110.49,1989.12
2122.9,1955.37
1963.96,1896.69
1935.52,1844.96
1691.18,1757.83
1654.03,1686.33
1577.38,1619.12
1500.6,1552.02
1291.15,1454.72
1130.56,1344.36
1101.21,1250.41
1073.71,1169.48
1116.31,1116.67
1116.24,1075.02
1266.04,1076.91
1466.01,1119.21
1122.65,1086.02
809.464,998.486
575.298,886.121
265.762,737.771
50.0282,576.574
-25.6685,433.068
-182.037,286.074
-158.593,173.17
-42.1514,102.917
32.8596,57.4234
52.9073,32.4115
125.683,33.6827
89.8356,32.5588
-204.227,-20.5055
-572.301,-131.939
-638.347,-232.669
-524.702,-287.167
-588.975,-344.122
-647.178,-403.828
-633.497,-450.468
-720.743,-505.659
-874.011,-582.028
-923.412,-652.234
-750.158,-667.433
-269.277,-575.512
121.374,-422.426
563.074,-214.058
978.696,37.1406
1441.51,331.912
2083.32,695.797
2468.26,1065.77
2768.13,1425.01
3059.69,1771.78
3254.01,2084.33
3635.71,2400.39
3792.8,2676.27
3953.2,2919.56
3958.11,3106.25
4279.08,3309.86
4414.71,3486.09
4471.27,3630.12
4437.59,3732.17
4489.39,3817.91
4646.67,3913.78
4387.44,3930.44
3985.59,3860.02
3678.83,3738.89
3293.54,3564.82
3122.15,3384.39
2705.62,3153.83
2205.15,2868.07
1911.81,2581.52
1785.48,2325.91
1621.01,2085.14
1417.2,1857.33
1188.84,1638.05
1168.97,1465.23
1164.8,1334.41
1051.25,1210.73
919.389,1094.36
842.618,996.658
903.587,936.988
1312.94,973.836
1618.38,1067.93
1649.22,1153.76
1665.47,1230.57
1602.36,1279.83
1582.28,1315.3
1646.14,1358.89
1516.14,1370.6
1156.15,1309.61
881.314,1204.55
383.234,1012.09
89.2037,792.759
-44.5114,589.888
-276.01,380.943
-661.189,138.106
-837.003,-90.8952
-1048.37,-317.74
-1091.77,-505.105
-1412.09,-711.329
-1565.84,-901.157
-1441.34,-1017.42
-1198.21,-1055.5
-1051.92,-1053.83
-850.006,-1007.13
-752.082,-941.925
-908.729,-917.311
